{
  "project_info": {
    "project_number": "1026959595209",
    "project_id": "food-recipe-6dfba",
    "storage_bucket": "food-recipe-6dfba.firebasestorage.app"
  },
  "client": [
    {
      "client_info": {
        "mobilesdk_app_id": "1:1026959595209:android:3f8d7e150b9927f7a81f18",
        "android_client_info": {
          "package_name": "com.anonymous.FoodRecipe"
        }
      },
      "oauth_client": [
        {
          "client_id": "1026959595209-lcs9k8si8p60hmso8ci807lpdo927tjp.apps.googleusercontent.com",
          "client_type": 1,
          "android_info": {
            "package_name": "com.anonymous.FoodRecipe",
            "certificate_hash": "9232518161eec95c0be9884f9a3a632864302af2"
          }
        },
        {
          "client_id": "1026959595209-amo6cp8vevklntpkin2hfbrqnofpk4fb.apps.googleusercontent.com",
          "client_type": 3
        }
      ],
      "api_key": [
        {
          "current_key": "AIzaSyCh8ike2Sc62IY8uPzoc-gYNNR4IrMm7O8"
        }
      ],
      "services": {
        "appinvite_service": {
          "other_platform_oauth_client": [
            {
              "client_id": "1026959595209-amo6cp8vevklntpkin2hfbrqnofpk4fb.apps.googleusercontent.com",
              "client_type": 3
            }
          ]
        }
      }
    }
  ],
  "configuration_version": "1"
}